{
  "text": "Hey, hello there. I want to just say that life has been a bit tricky recently of late and I need to have some break and have some fun.",
  "segments": [
    {
      "id": 0,
      "seek": 0,
      "start": 0.0,
      "end": 10.42,
      "text": " Hey, hello there. I want to just say that life has been a bit tricky recently",
      "tokens": [
        50364,
        1911,
        11,
        7751,
        456,
        13,
        286,
        528,
        281,
        445,
        584,
        300,
        993,
        575,
        668,
        257,
        857,
        12414,
        3938,
        50885
      ],
      "temperature": 0.0,
      "avg_logprob": -0.4235531200062145,
      "compression_ratio": 1.0694444444444444,
      "no_speech_prob": 0.16523602604866028
    },
    {
      "id": 1,
      "seek": 1042,
      "start": 10.42,
      "end": 17.42,
      "text": " of late and I need to have some break and have some fun.",
      "tokens": [
        50364,
        295,
        3469,
        293,
        286,
        643,
        281,
        362,
        512,
        1821,
        293,
        362,
        512,
        1019,
        13,
        50714
      ],
      "temperature": 0.0,
      "avg_logprob": -0.4527997409596163,
      "compression_ratio": 1.0769230769230769,
      "no_speech_prob": 0.2663467824459076
    }
  ],
  "language": "en"
}